{"cameraMode":{"drawMode":0,"name":"Shaded","section":"Shading Mode"},"sceneLighting":true,"audioPlay":false,"sceneViewState":{"m_AlwaysRefresh":false,"showFog":true,"showSkybox":true,"showFlares":true,"showImageEffects":true,"showParticleSystems":true,"showVisualEffectGraphs":true,"m_FxEnabled":true},"in2DMode":false,"pivot":{"x":2.785712718963623,"y":-1.8480110168457032,"z":51.148475646972659},"rotation":{"x":-0.001598265371285379,"y":0.8034080266952515,"z":-0.595441997051239,"w":-0.002174779772758484},"size":29.324859619140626,"orthographic":false}